id,absence_id,start_date,end_date,business_days,created_at,status,period_type,start_time,end_time
27c660ea-d536-4986-b6d2-e2579928cf9a,6ae470c2-3727-494e-afb2-520763afa798,2026-04-02,2026-04-02,1.0,2026-02-13 09:27:56.62184+00,approved,full_day,,
8698e18f-3269-4320-a3cf-b29a94dc9124,6ae470c2-3727-494e-afb2-520763afa798,2026-04-06,2026-04-06,1.0,2026-02-13 09:27:56.62184+00,approved,full_day,,
5d917e19-de89-489e-af4f-f87afe4212ce,dd240dea-2e23-4247-adb0-366a4de5b4df,2026-08-03,2026-08-07,5.0,2026-01-20 18:43:23.597369+00,approved,full_day,,
fdfc44a5-dc0f-486c-a694-01aa3f2001e7,06268a98-0638-4b85-b445-6d78deca63b3,2026-02-23,2026-02-23,1.0,2026-01-20 20:36:00.206447+00,approved,full_day,,
0f188603-815b-420b-8e5c-668145029b7f,2b1c2502-31eb-407a-8dbb-dc23b93bdd60,2026-12-21,2026-12-28,5.0,2026-01-20 18:44:10.205951+00,approved,full_day,,
70eaa1d1-b78c-4677-8cb0-21b36f1eda79,596e1da8-2453-4a9a-aec9-f1bcad449a7f,2026-09-03,2026-09-17,11.0,2026-01-20 18:41:01.333838+00,approved,full_day,,
ee1eb994-ff66-49e6-aa0e-97d3699159eb,e51bcc00-d239-46e3-90a3-6a83967ccf46,2026-04-01,2026-04-01,1.0,2026-01-20 18:39:49.43423+00,approved,full_day,,
614cc158-24fd-4fd5-a5f6-fc7a5d296da2,637e7b64-1274-46f4-95d9-b44e6cc02361,2026-08-10,2026-08-21,10.0,2026-01-20 13:06:39.303143+00,approved,full_day,,
8d593869-f594-4aff-8211-e6e4ab992541,8112e3c3-4919-42cb-868a-791c8b42aaac,2026-03-30,2026-04-02,4.0,2026-01-19 12:05:00.240276+00,approved,full_day,,
8f7f17a8-7717-4eb4-967b-1a8668b9dff5,8112e3c3-4919-42cb-868a-791c8b42aaac,2026-09-14,2026-09-18,5.0,2026-01-19 12:05:00.240276+00,approved,full_day,,
175b7cf8-f8fc-44e5-b805-848ed7030b47,8112e3c3-4919-42cb-868a-791c8b42aaac,2026-08-03,2026-08-03,1.0,2026-01-19 12:05:00.240276+00,approved,full_day,,
93c7debc-0230-4f85-bb7e-2dcaae8dd873,8112e3c3-4919-42cb-868a-791c8b42aaac,2026-06-05,2026-06-05,1.0,2026-01-19 12:05:00.240276+00,approved,full_day,,
1a9c8961-31cd-4332-b004-e7b6efbca5fb,748305e9-896c-4de3-b5c2-34ab847c5e08,2026-06-05,2026-06-09,3.0,2026-01-17 09:20:19.922228+00,rejected,full_day,,
27424709-4018-4e43-aa7e-26ae07849859,e4e4f5a7-3a24-4095-a87e-442622a0bffa,2026-01-26,2026-01-26,1.0,2026-01-23 16:41:40.293075+00,approved,partial,08:00:00,15:00:00
f5e20f00-6732-404e-a7ea-c8e137b94068,bfe4c5e3-e308-491b-b0ce-0dcf7dd47eeb,2026-01-23,2026-01-23,0.3,2026-01-22 18:12:22.605482+00,approved,partial,14:00:00,16:00:00
ba3359a6-a518-43cd-8219-dcf9686d4f9f,b5a907ec-ae4f-4e3f-835a-d92232726735,2026-01-22,2026-01-22,0.8,2026-01-22 17:24:18.000104+00,approved,partial,13:00:00,18:00:00
32750b14-ec4b-4597-ae8a-8cfc2f3ac1af,1d3d99ab-2e24-4749-b3a9-20a352070383,2026-01-23,2026-01-23,1.0,2026-01-20 16:55:46.096018+00,approved,full_day,,
af746492-5531-4bcd-a9de-c1547a5d855c,e8fa733e-6c54-41a4-9942-c1b0e8cd0fcc,2026-01-26,2026-01-26,0.5,2026-01-26 12:32:37.235525+00,approved,partial,13:00:00,17:00:00
59047277-9df5-47fc-bc34-efed1e638285,6ae470c2-3727-494e-afb2-520763afa798,2026-06-25,2026-06-25,1.0,2026-02-13 09:27:56.62184+00,approved,full_day,,
e1f7c1d8-2530-457c-a85e-01c8c8b4f0f3,9f372d10-19ba-4b6e-82ea-e7a20ca07587,2026-01-27,2026-01-27,0.8,2026-01-27 10:44:24.450963+00,approved,partial,13:00:00,18:00:00
9a97cd5e-6168-4e78-a6aa-51fb06393a38,040869f7-984f-4b05-8145-63eb77454d3a,2026-02-10,2026-02-10,1.0,2026-02-06 12:05:31.336658+00,approved,full_day,,
5de52531-062e-45f8-a1ab-50e6931de4f9,6ae470c2-3727-494e-afb2-520763afa798,2026-06-26,2026-06-26,1.0,2026-02-13 09:27:56.62184+00,approved,full_day,,
6e954251-13ab-4f7c-9475-57b0ba7d3cf0,96c076e8-ebe7-4237-845d-f66d8e0bf2bb,2026-02-12,2026-02-12,0.3,2026-02-11 15:30:51.737881+00,approved,partial,17:00:00,18:00:00
11b4a028-5cce-4e81-ab85-884778577ab3,06fbda55-1b91-4e26-a34e-c81cca10fea6,2026-07-09,2026-07-17,7.0,2026-02-11 14:21:17.277198+00,approved,full_day,,
a0437f56-2916-4e85-a42a-dac93c47a3de,52795170-f758-4098-9ecd-d2e03cf4eb3b,2026-03-09,2026-03-13,5.0,2026-02-12 14:28:12.173734+00,pending,full_day,,
4e598cd2-4b3d-4e28-8ac5-147f192f4edc,d1d017ec-8542-418f-a8bd-6f8da1b8ac0f,2026-02-17,2026-02-17,1.0,2026-02-16 16:25:49.458582+00,approved,full_day,,
f0857c1a-1726-454b-9068-7d3e5bcb0253,ff8fcb79-aff1-435e-bf10-0245dc86fca0,2026-02-20,2026-02-20,1.0,2026-02-12 14:11:19.233345+00,approved,full_day,,
32ef9697-49d9-47ff-bc2b-13178054fc7a,6ae470c2-3727-494e-afb2-520763afa798,2026-06-29,2026-06-29,1.0,2026-02-13 09:27:56.62184+00,approved,full_day,,
d11be4f9-2239-482c-8928-26720bc39073,6ae470c2-3727-494e-afb2-520763afa798,2026-06-30,2026-06-30,1.0,2026-02-13 09:27:56.62184+00,approved,full_day,,
40abb49b-8fc2-482c-863b-e680f4cab7a6,6ae470c2-3727-494e-afb2-520763afa798,2026-07-09,2026-07-10,2.0,2026-02-13 09:27:56.62184+00,approved,full_day,,
8ea053bc-b8c6-4e21-8f92-f393f09829d6,6ae470c2-3727-494e-afb2-520763afa798,2026-07-13,2026-07-15,3.0,2026-02-13 09:27:56.62184+00,approved,full_day,,
d9770603-8172-4199-851d-b5ea7fc427d0,b49ff5f3-e8f3-41d2-98e5-669e1d2d3746,2026-11-27,2026-11-27,1.0,2026-02-16 15:52:54.588911+00,approved,full_day,,
12d15026-eda4-4978-82dc-a016a0883bee,f6ac869b-0b06-4796-b22d-4805ae357cc0,2026-06-05,2026-06-05,1.0,2026-02-16 15:50:23.855638+00,approved,full_day,,
2645a38a-9d40-4a4b-81e0-423713dccec6,b5e51b58-5a28-4c6b-ba13-69f54eeaa9a6,2026-03-26,2026-03-26,1.0,2026-02-16 08:56:49.557479+00,approved,full_day,,
f8d21211-ecbd-4bad-9ba7-8b2cdcdf541c,241efb40-9857-4dfe-a133-e4c5226bc30d,2026-07-08,2026-07-17,8.0,2026-02-16 15:51:53.072907+00,approved,full_day,,
0f7f0946-7df8-4ee9-bd80-172c21b60993,96ccdc31-4f0f-40b5-a75f-502866d84074,2026-05-26,2026-05-26,1.0,2026-02-16 15:49:57.02644+00,approved,full_day,,
be446584-c82a-4250-a665-f9e19e9a9ba4,5b748400-1ef1-46d9-b1cd-47775b1a99be,2026-02-16,2026-02-16,1.0,2026-02-05 11:38:12.734713+00,rejected,full_day,,
840ad3e2-6aa3-4c58-adce-f194183a593c,393498a4-3473-483e-b933-53bc8a174f16,2026-02-16,2026-02-16,1.0,2026-01-27 09:35:44.56857+00,rejected,full_day,,
eaaecb8d-a12c-44ee-9406-e607d714a259,a948261c-20ac-4522-ac63-12fad2c5940a,2026-06-26,2026-06-26,1.0,2026-02-16 12:15:10.565382+00,pending,full_day,,
91e93471-614c-41ff-a92c-484845a24b99,218495ea-1f0d-4101-84cf-f056df23b587,2026-08-17,2026-08-31,11.0,2026-02-16 12:17:31.043863+00,pending,full_day,,
fb06fb1b-6011-49c3-b9bb-fc739e10b0bf,c1bb21d0-95e6-424b-a765-b549cf156df5,2026-12-23,2026-12-24,2.0,2026-02-16 12:19:06.401046+00,pending,full_day,,
d6df5188-8f14-4fa0-9b1b-86292eb31e1f,ccfc7d88-6d27-41e8-ac89-9315aeae20a2,2026-12-30,2026-12-31,2.0,2026-02-16 12:19:52.01283+00,pending,full_day,,
846e8809-97a4-48b3-853a-588ca88e7ffc,80f28514-59e0-4ac1-bdbf-dd2b8708b551,2026-02-16,2026-02-16,0.8,2026-02-16 09:51:03.078914+00,approved,partial,13:00:00,18:00:00
f4ab95c9-de50-48f9-863d-053460808425,b2e2e2f2-9075-407f-a780-00c68d0975d6,2026-11-02,2026-11-06,5.0,2026-02-17 10:01:17.975575+00,approved,full_day,,
48e2e091-1490-4909-8334-19bd636b516c,b2e2e2f2-9075-407f-a780-00c68d0975d6,2026-04-27,2026-04-27,1.0,2026-02-17 10:01:17.975575+00,approved,full_day,,
1bdbe56b-816b-425b-a7e1-55923a7f01e9,b2e2e2f2-9075-407f-a780-00c68d0975d6,2026-12-28,2027-01-04,5.0,2026-02-17 10:01:17.975575+00,approved,full_day,,
42bed024-9f17-4de4-a6d7-d29096edaaf7,029c35f6-e7d6-413d-8558-374696c4ea34,2026-03-30,2026-04-02,4.0,2026-02-17 09:49:27.485818+00,approved,full_day,,
e6ec499f-42fc-4768-9b8a-183e0236dbfb,d49fb070-f63c-4bcb-9750-17830dd59791,2026-08-10,2026-08-14,5.0,2026-02-17 15:14:14.21014+00,approved,full_day,,
71d638a5-dd4a-436e-8ff5-bc729a390c8b,034264af-47a2-480a-846c-d7188e321a36,2026-10-16,2026-10-23,6.0,2026-02-17 15:14:40.889798+00,approved,full_day,,
d176c18e-d53e-4536-b450-150023c7b962,7086f4a7-9f52-4d28-8785-1dee027065a9,2026-02-19,2026-02-19,1.0,2026-02-18 11:58:24.07352+00,approved,full_day,,
ff7df660-5051-4aac-87b9-e8c2551f9133,2f6b91d7-42a3-4c71-a5ef-47b70a4784a0,2026-03-26,2026-03-26,1.0,2026-02-17 18:24:16.660611+00,approved,full_day,,
7434eb7e-1fcb-4773-837a-f4765ed050e7,2f6b91d7-42a3-4c71-a5ef-47b70a4784a0,2026-03-30,2026-04-02,4.0,2026-02-17 18:24:16.660611+00,approved,full_day,,
be20c4c9-37f4-4d6c-bb15-833f366a0155,2f6b91d7-42a3-4c71-a5ef-47b70a4784a0,2026-06-11,2026-06-19,7.0,2026-02-17 18:24:16.660611+00,approved,full_day,,
3dd8e5db-bc04-40cd-8767-7b5d0340bb1b,94c2507c-51e1-4fd7-ab84-76d14e2dfa49,2026-06-11,2026-06-19,7.0,2026-02-17 17:49:23.339596+00,approved,full_day,,
8a8dff59-2a5b-4c07-a83e-196dd2fa379a,70e2d5dd-019d-4649-894f-af76d6692952,2026-02-23,2026-02-23,0.3,2026-02-16 12:10:59.540734+00,approved,partial,14:00:00,16:30:00
dca9acd5-7060-404e-8124-d37a5a3e68eb,509c1844-f098-4fb9-a758-b9f23eb49a9b,2026-07-06,2026-07-10,5.0,2026-02-23 17:50:47.977328+00,approved,full_day,,
651607da-2018-45a0-8387-72a9cfa91cbf,7f668c06-461d-4b70-86f5-d3b11b8bb4a1,2026-08-24,2026-08-28,5.0,2026-02-20 09:05:50.212584+00,approved,full_day,,
86361669-6ab3-4c4b-b1a3-82cff26d0138,7f668c06-461d-4b70-86f5-d3b11b8bb4a1,2026-12-28,2027-01-04,5.0,2026-02-20 09:05:50.212584+00,approved,full_day,,
831f306a-8280-437c-8a8d-a6ee830d1c43,7f668c06-461d-4b70-86f5-d3b11b8bb4a1,2026-05-04,2026-05-04,1.0,2026-02-20 09:05:50.212584+00,approved,full_day,,
b3ee1e99-51b1-4bcb-9534-14ba82b7f74a,a2b14739-8d22-4547-9846-eab46c625ca8,2026-08-10,2026-08-21,10.0,2026-02-19 14:49:10.468642+00,approved,full_day,,
84bacd1e-c497-40cb-b26b-05c53ebaa958,94f17f44-ba82-4a52-ad92-96d617e6f262,2026-02-27,2026-02-27,1.0,2026-02-23 11:34:21.033051+00,approved,full_day,,
33364dc2-091a-457a-8d8a-546de7ed6be1,623ffddc-a124-4ab5-9827-def1fbb51d15,2026-02-24,2026-02-24,0.5,2026-02-23 17:46:26.614885+00,approved,partial,14:00:00,18:00:00
bd77ccb8-9a3f-4ed6-aba2-b0bd322239c4,ccdd8519-defb-4727-9e58-19ec6254d763,2026-02-24,2026-02-24,0.5,2026-02-23 11:24:13.44593+00,approved,partial,09:00:00,13:00:00
fd935559-4693-4197-ab84-d8cc4061dd93,a4614c18-da84-4882-897a-cbb8d880255b,2026-02-24,2026-02-24,0.5,2026-02-23 17:49:07.30655+00,approved,partial,14:00:00,18:00:00
b3f8af45-a840-4bd1-89d1-edd16217f923,509c1844-f098-4fb9-a758-b9f23eb49a9b,2026-12-23,2026-12-31,6.0,2026-02-23 17:50:47.977328+00,approved,full_day,,
5a0da121-62ad-45a4-b5d2-4f007c0e24ab,de4bc602-d993-4fb7-bca2-8d8a1600c659,2026-02-24,2026-02-24,0.5,2026-02-23 17:51:43.623098+00,approved,partial,14:00:00,18:00:00
36f74bd9-7c84-499f-9a81-03acd629fcdb,df4f5f02-68e6-48b4-9eb2-c309c749ad59,2026-03-19,2026-03-19,0.3,2026-02-24 09:49:30.70431+00,approved,partial,10:30:00,13:00:00
bc27c3ce-17b3-49ba-a846-7339a861fa8a,ff86af0e-4d67-4514-9810-8e765c2c8a0f,2026-02-24,2026-02-24,0.5,2026-02-23 19:28:36.633371+00,approved,partial,14:00:00,18:00:00
5ce5457e-cd77-4b4b-8ae1-cf01150b36c5,59a272ef-dbe0-4911-84ad-11e8a993d2e2,2026-02-24,2026-02-24,0.5,2026-02-23 18:32:05.012664+00,approved,partial,14:00:00,18:00:00
0d7adb18-7aa5-4e08-ad35-546f44fc3269,95cba24f-d931-4b7f-94e4-9460591b7487,2026-02-27,2026-02-27,0.5,2026-02-24 09:50:53.721467+00,approved,partial,14:00:00,18:00:00
dc78edfc-085c-4af7-aaf0-ebea4847d693,1a8718f8-7c56-4281-9116-0d3c8663d659,2026-03-05,2026-03-05,1.0,2026-02-27 09:04:25.985425+00,approved,full_day,,
00562201-3ada-4ebb-88f9-cdda9af8fffd,6d78622f-515b-4798-8250-7953f7549a67,2026-08-26,2026-08-31,4.0,2026-02-26 15:47:46.375757+00,approved,full_day,,
a688bfcd-3a64-4e14-8c31-75245ee308f0,6d78622f-515b-4798-8250-7953f7549a67,2026-08-07,2026-08-13,5.0,2026-02-26 15:47:46.375757+00,approved,full_day,,
ca743373-cc1f-46af-9cc3-35bb9c4e30c3,2fe28d7e-436f-44c0-b93a-537a927de8c9,2026-03-04,2026-03-04,1.0,2026-02-27 15:15:08.825261+00,approved,full_day,,
b7165e9d-a557-4685-bea4-6a4556c59d0c,4993154a-d369-46ea-b023-08d051152cf5,2026-03-03,2026-03-03,0.3,2026-03-03 09:31:26.064099+00,approved,partial,10:30:00,11:30:00
04281676-2b0f-4393-819d-7de53da84378,71542446-7eb5-4fcd-b1fc-3e8e3c1c5f8e,2026-03-04,2026-03-04,0.3,2026-03-02 22:48:28.705335+00,approved,partial,12:30:00,14:00:00
4e4f5497-a414-4a17-af00-725d83cd95d3,488ae35b-0d10-44bb-8b46-df35de9f3bfb,2026-03-05,2026-03-05,0.3,2026-03-02 16:08:55.821096+00,approved,partial,16:00:00,17:00:00
74c8f206-466c-48e9-979c-8e505b3aa8bd,650dba7a-372f-4d76-b7d1-4307a84bbc00,2026-03-05,2026-03-05,0.5,2026-03-04 19:11:04.916562+00,approved,partial,09:00:00,13:00:00
03836d0e-de65-48d6-a8d2-62f3050fd0d4,5eb51749-2e21-4894-b7b6-dcec3056a44b,2026-03-05,2026-03-05,0.5,2026-03-04 20:35:08.940194+00,approved,partial,09:00:00,13:00:00
5492b2fc-5267-4895-91ac-6120de3289c1,2e385e64-7974-4f4e-a558-6606ae73d70b,2026-03-05,2026-03-05,0.5,2026-03-04 12:03:08.918365+00,approved,partial,14:00:00,18:00:00
417af4a1-780e-46ca-9319-e80f7e4976dd,3f4620d0-9f2b-4329-b6c4-9fea6c064884,2026-03-05,2026-03-05,0.5,2026-03-04 17:32:00.064521+00,approved,partial,09:00:00,13:00:00
caa25be0-70a1-4cdf-8c66-7e68cb36cb40,250a3da8-d085-4eab-9e16-c5d7893313d2,2026-03-05,2026-03-05,0.5,2026-03-04 11:36:50.527355+00,approved,partial,14:00:00,18:00:00
3d0b2805-302f-4b43-97c4-c0d882bd3f76,554405c8-479a-4496-89a5-f38be796c654,2026-03-05,2026-03-05,0.5,2026-03-04 10:44:15.710795+00,approved,partial,14:00:00,18:00:00
a4e12dd4-5ce4-4c0e-949b-f75eb9543be7,9ca99fbd-0a4f-40ae-93e1-6d75ae4b6193,2026-03-05,2026-03-05,0.5,2026-03-04 10:41:59.550904+00,approved,partial,14:00:00,18:00:00
84d8059d-b1c0-42d6-b05d-7cb376fdebb9,b7e2688f-312a-41aa-bfc3-f4f26badaa81,2026-03-05,2026-03-05,0.5,2026-03-04 10:15:14.91414+00,approved,partial,09:00:00,13:00:00
5b1dea85-026f-489b-8254-5e8f3afda5ad,ad4bc564-2262-4eec-bc27-599acb35b58d,2026-03-05,2026-03-05,0.5,2026-03-04 10:09:07.58859+00,approved,partial,09:00:00,13:00:00
1c80672f-02ae-40a1-8df4-321621d690ae,11463642-a5f0-4224-95ec-7aa92513256e,2026-03-05,2026-03-05,0.5,2026-03-04 08:31:54.798102+00,approved,partial,09:00:00,13:00:00
b2d4f9c3-b149-4a2c-b7cb-e0988f350c0a,5da34aa1-18f9-4653-a991-6f21ad62ae87,2026-03-10,2026-03-10,0.8,2026-03-09 11:05:37.816631+00,approved,partial,08:00:00,13:00:00
85289199-3d8c-4f35-9ae4-85093c2b1198,8cddeac3-0632-43fd-a522-032f7d8caec6,2026-03-05,2026-03-05,0.5,2026-03-04 20:53:31.627528+00,approved,partial,09:00:00,13:00:00
0174f9a2-d4fb-4027-97e9-3a86759bdf37,0e15a6f0-da8e-4478-b116-0a8556ad3a37,2026-03-09,2026-03-09,1.0,2026-03-02 10:59:16.197337+00,approved,full_day,,
84af19b6-e513-4340-bea8-fbd58238aa25,97f52c31-7b2d-43a7-bab3-58e945ce1b7c,2026-03-02,2026-03-02,1.0,2026-03-09 15:59:28.152839+00,approved,full_day,,
081a9b59-5d7b-4af2-a4bc-a37502668fdc,4ce1d919-526e-4305-ada1-a5e905c5e3d9,2026-03-12,2026-03-12,0.3,2026-03-09 10:41:28.907828+00,approved,partial,15:00:00,17:30:00
e820bfa5-e2d5-4201-8c6f-555b163fd18f,e3a16926-0e03-4d3e-bf23-0c0145e1080a,2026-03-05,2026-03-05,0.5,2026-03-05 07:23:30.006538+00,approved,partial,09:00:00,13:00:00
257289aa-a066-473a-b378-2c4f816d1b2a,c420798d-82de-4629-9c73-cbb4afab92af,2026-03-05,2026-03-05,0.5,2026-03-04 08:28:54.227948+00,approved,partial,09:00:00,13:00:00
288ff2ef-a1c2-47b9-baa2-01bd4866e13b,efb57ffd-ca6a-4096-a4a9-2b18ae92ed22,2026-03-10,2026-03-10,0.5,2026-02-27 16:32:04.06208+00,approved,partial,14:00:00,18:00:00
9c66bc09-c93a-4e59-9760-1e14ad122efa,f132dfbd-f36e-40a8-86c9-e12aedec550c,2026-09-07,2026-09-11,5.0,2026-03-11 22:29:48.55706+00,approved,full_day,,
f9fcee2a-e49f-4fc8-bcfd-4ab680bde0df,eca08c25-6501-4c57-aa1c-d1a29fe31f08,2026-07-27,2026-07-31,5.0,2026-03-11 22:29:31.984806+00,approved,full_day,,
e3b1c18e-2250-4986-9b95-883d8dffdfdb,aba79604-898e-4877-8825-38355f642186,2026-03-20,2026-03-20,1.0,2026-03-11 17:41:16.508031+00,approved,full_day,,
736d96ad-5289-4b97-8c6e-412d00ffc248,1049ff2a-d1fe-4f17-98b2-dd23e25662cb,2026-03-12,2026-03-12,1.0,2026-03-11 15:27:23.745477+00,approved,full_day,,
e6aed4d2-b4f3-4839-bdfe-c62a43b3edb0,30e12c28-52c2-48c2-85f1-278c3196c4f6,2026-06-05,2026-06-05,1.0,2026-02-26 11:30:05.155032+00,approved,full_day,,
5719b710-bce5-4337-bbfe-af74272cd1eb,4014bf49-5e66-4146-8785-d15b2e8ae626,2026-04-06,2026-04-10,5.0,2026-03-10 13:18:26.652138+00,approved,full_day,,
e90675b1-ed87-4f5e-b00e-98eefbfc88fe,ff4a0231-e425-41eb-98d7-9c41dc00c287,2026-07-27,2026-07-31,5.0,2026-03-10 13:30:07.028023+00,approved,full_day,,
3ea109c9-e7be-4323-9341-e8c068ddcbd1,90807441-4fb9-4750-a18a-3d30960db57f,2026-03-12,2026-03-12,0.3,2026-03-11 17:28:28.346083+00,approved,partial,16:30:00,18:00:00
22faeaa0-278b-4a95-b2d7-99bbf73cc81c,dd9c2577-1e65-496b-b7f5-98b7fa66871c,2026-03-24,2026-03-24,1.0,2026-03-17 12:44:42.566506+00,approved,full_day,,
2b57b0b0-0259-4b35-a307-8056756502ae,ff4857af-b1ff-48ea-9fd9-5b989f830c97,2026-03-26,2026-03-26,0.5,2026-03-20 10:09:35.424218+00,approved,partial,09:00:00,13:00:00
3baaca76-4bf2-45bf-9897-e7da79f0c1cc,6dced975-ab84-4e9b-bb23-b1f6dc76c46c,2026-03-26,2026-03-26,0.3,2026-03-24 10:29:46.297385+00,approved,partial,10:00:00,12:30:00
7d37d4f3-5cfe-49a6-96c0-6a6e4564c2c0,370200c1-a53a-445e-b717-caed39a6e3bd,2026-03-27,2026-03-27,0.3,2026-03-24 10:29:13.57407+00,approved,partial,09:30:00,12:00:00
2f58fc40-51c4-4aca-a27b-6df723032c50,3ff5c2b1-7413-414e-a5af-0614aff63593,2026-03-26,2026-03-26,0.3,2026-03-25 14:18:23.920894+00,approved,partial,17:00:00,18:00:00
b61e57ea-a40f-4731-9568-ce8128144025,adb5408f-aa55-4811-8a52-b75961c16282,2026-05-08,2026-05-08,1.0,2026-03-20 09:16:33.8084+00,approved,full_day,,
90d9994a-8755-452c-b889-557368cd9f31,6fa4f5bf-a948-4b92-b564-0e890f8b4f73,2026-04-06,2026-04-06,1.0,2026-03-20 09:13:20.520458+00,approved,full_day,,
9584cb94-5720-4861-9232-75ca2fbbec42,ea1fcaf0-f094-4ab8-9224-6676afe2e0ff,2026-04-20,2026-04-20,0.8,2026-03-20 09:12:34.039563+00,approved,partial,09:00:00,14:00:00
265a3896-50cb-449c-9308-1b2fbc28879e,ad732eff-e25c-4de5-96d1-063e5e6a5562,2026-04-01,2026-04-01,0.5,2026-03-26 14:45:11.536766+00,approved,partial,15:00:00,18:00:00
c6566eb9-e356-4b5c-9bb3-a67aff55a54e,0cdd1019-460c-484b-bba0-148a40e5c40e,2026-04-10,2026-04-24,11.0,2026-03-27 17:24:41.935118+00,approved,full_day,,
4322259a-9d9f-4421-a59f-4e09de83b2a7,c6eba136-dc61-481d-a500-7ee60081560a,2026-04-06,2026-04-06,0.3,2026-03-30 09:54:17.645687+00,approved,partial,09:00:00,10:30:00
d067e9f2-ca96-428d-8754-044d2172bf47,a7c27da6-cbc1-4cdb-9bc0-ce64d12c7196,2026-03-30,2026-03-30,0.3,2026-03-30 09:53:25.046922+00,approved,partial,09:00:00,10:30:00
a87b5bec-4c9e-4796-8ed2-64981f880836,fad34a40-95fc-4c13-bdd5-eaaada929b40,2026-04-10,2026-04-17,6.0,2026-03-30 08:57:28.8068+00,approved,full_day,,
c574b439-8035-45f4-ba5f-c53483d2559f,ce493b4a-280a-4fa6-8b74-0ebd75ef0c4c,2026-09-07,2026-09-21,11.0,2026-03-20 15:07:50.100853+00,approved,full_day,,
a323d6ad-22c2-48d6-b1e6-de3538873866,b31c7280-c780-4773-bf07-ce9b3bdced0e,2026-04-02,2026-04-02,1.0,2026-03-31 12:52:26.273599+00,rejected,full_day,,
d5dae282-a8c4-413a-811c-65ccc44bceb9,aa760d85-7c03-4573-a3b5-f02877b7180e,2026-03-31,2026-03-31,1.0,2026-03-24 09:24:21.850169+00,pending,full_day,,
