id,employee_id,access_id,created_at
f11ff494-ca4b-4d2f-b773-b8a8b5337fe2,ac68f25b-9464-4e0a-87c6-f6492deaf3ff,40ed5c03-cc3e-4b5d-af56-d4bef6520c3f,2026-02-06 15:11:31.902779+00
ad2d9224-b178-4449-96d1-6436e42174ba,ac68f25b-9464-4e0a-87c6-f6492deaf3ff,75bf075c-202f-4da0-bf23-19212942c4fd,2026-02-06 15:11:31.902779+00
c9b535a4-770d-4183-9850-ba6350df659c,4daf81c8-7e5b-4ae1-a7a8-786488e059a5,4110561a-3ad1-4cdd-b06a-0f3c366a250c,2026-02-06 15:11:31.902779+00
cd66dd33-3943-438b-8bc9-4d892617e5c3,4daf81c8-7e5b-4ae1-a7a8-786488e059a5,75bf075c-202f-4da0-bf23-19212942c4fd,2026-02-06 15:11:31.902779+00
db2386d2-f11d-4fbc-9fec-9a345031c7cb,4abc74be-3089-42fc-a505-3cf7ece9d02e,9bb6a4b1-260d-427e-b473-5a95c9bbf85a,2026-02-06 15:11:31.902779+00
bf7521b2-44e1-4246-a06f-e6f2bf05b5e7,4abc74be-3089-42fc-a505-3cf7ece9d02e,ba22d16b-f1ad-4b86-a443-62b6f313fcda,2026-02-06 15:11:31.902779+00
23a2e465-c7e5-4535-b1e3-5de4be7d6526,ac68f25b-9464-4e0a-87c6-f6492deaf3ff,fb3e92a4-11d8-40ef-9463-b064330f8310,2026-02-06 15:41:46.697472+00
be1bb662-8d3f-414a-a910-bf8e217e09d0,e150a11a-ae17-4c61-839a-69801934a1fd,6d3bcaa5-b9b6-4849-be95-58916fa38dab,2026-02-06 15:41:46.697472+00
b21b4522-416c-42b7-aa6a-de7a876dc743,22fce38a-7554-4012-bf16-0d3fd535872d,353931cc-1240-49b3-8f44-9ca54824c345,2026-02-06 15:41:46.697472+00
770675d2-eb8c-42c1-b22a-f870ba82e1fd,0fe14f44-40be-4279-8f07-565a3ea31882,fb3e92a4-11d8-40ef-9463-b064330f8310,2026-02-06 15:41:46.697472+00
368baf13-c0bf-427e-a5de-534080c93ee3,f4b97f76-57ae-498d-8669-32c793b59ea8,6d3bcaa5-b9b6-4849-be95-58916fa38dab,2026-02-06 15:41:46.697472+00
62a82e6d-a531-4907-a78c-dc1b203c0016,52b0c2ce-5637-4018-9a8d-b15ed55056dc,6d3bcaa5-b9b6-4849-be95-58916fa38dab,2026-02-06 15:41:46.697472+00
6967231b-7d98-4d51-9b3d-4f2e41a714d0,98a02004-7b58-4d76-859e-7960f401e5a0,e84834ac-caee-497e-aa57-f8368128c182,2026-02-06 16:09:26.2905+00
